,Name,Address,Phone
0,Alice Robinson01,114 Perez Square Apt. 206,+1-674-418-1329
1,Julie Smith01,88874 Nicholas Land Suite 473,342-450-8167x83943
2,Rhonda Daniels01,566 Yates Harbor Apt. 124,(079)391-2845
3,Sharon Kramer01,00975 Morrison Vista Apt. 272,(802)536-9879x52278
4,Theresa Smith01,984 Watts Pine,279-118-4607
5,Mary Little01,354 Andrew Grove,001-584-691-3911x68400
6,Robin Camacho01,0029 Stanley Lock Apt. 222,+1-180-686-8901
7,Jenna Davis01,54785 Jacobs Cliff Apt. 508,099-275-6177
8,Maria Pruitt01,426 Christina Burgs,1294400113
9,Angelica Hess01,85819 Michael Underpass,896-011-1338
10,Valerie Myers01,4967 Donald Viaduct Apt. 817,(844)756-8687x1571
11,Kimberly Reeves01,950 Jeffrey Views Suite 342,001-034-339-9169x243
12,Carrie Rivas01,2040 Ford Row,001-655-419-1282x62392
13,Lauren Sullivan01,169 Daryl Mountain,+1-926-305-8760x446
14,Elizabeth Flores01,494 Riddle Isle Suite 510,200.167.8035x2815
15,Mary Elliott01,3185 Murphy Meadows Suite 064,+1-712-037-8371x3440
16,Danielle Peterson01,79908 Smith Summit,+1-043-236-4988x4615
17,Megan Jensen01,508 Moss Brook Suite 226,1713980205
18,Janet Jacobson01,62324 Michael Canyon,(717)011-5208
19,Angela Kaiser01,137 Chad Cove Apt. 926,538-303-3776
20,Heidi Luna01,874 Owens Canyon,(199)117-6568x3903
21,Erika Taylor01,356 Tracy Islands Apt. 271,(168)383-5637
22,Stephanie Odonnell01,65634 Angela Mountain,922.751.9092x9307
23,Caroline Herrera01,55621 Isaac Dale Suite 724,363-596-1415x00919
24,Jennifer Brewer01,01907 Stephanie Points Apt. 223,001-325-329-7226x7322
25,Megan Lewis01,2962 Brandt Mountains Apt. 133,8550834721
26,Jennifer Chapman01,223 Joseph Ford Suite 609,001-392-175-0218
27,Danielle Heath01,57792 Boone Mission Apt. 258,001-514-721-8244x11544
28,Stephanie Black01,52018 Williams Estates Suite 726,001-091-640-2872x43741
29,Janet Tran01,5912 Alex Rapids Suite 583,463-822-5957x1419
30,Jasmin Williams01,82475 Crystal Haven,3096134683
31,Yolanda Wolfe01,4244 Kevin Cliff Apt. 613,5905410430
32,Monica Mason DDS01,59027 Hatfield Junctions Suite 037,018.291.5168x3590
33,Yvonne Glover01,227 Avery Trace Suite 395,001-433-059-6481x624
34,Mary Hanson01,99484 Watkins Canyon,(173)787-2850
35,Jessica Jones01,56315 Lynch Spur Suite 643,(033)778-4687x68967
36,Julia Brown01,080 Brandon Unions,904.759.9535
37,Michelle Hill01,924 Jesus Fall Apt. 995,015.502.5338x126
38,Whitney Brown01,07574 Davis Well,+1-862-525-3279x9289
39,Claire Sanders01,330 Shannon Gardens,535.511.4441
40,Amber Ramirez01,6699 Caldwell Port,+1-400-070-0361x52743
41,Laura Gray01,1130 Martin Manors,001-056-350-6334x2157
42,Monique Collier01,7902 Winters Manors,099.465.3098
43,Elizabeth Hickman01,8858 Williams Wells Apt. 378,552-727-4744
44,Courtney Lopez DDS01,68238 Rich Mills,+1-630-878-2204x8616
45,Angela Warren01,21933 Karla Club Apt. 963,(865)318-7603
46,Victoria Randolph01,76491 Moss Square,629-499-7409x41078
47,Kathy Moss01,7157 Farrell Keys,8222915174
48,Deborah Garza01,328 Mccormick Passage Apt. 478,195-694-4467x67822
49,Cheryl Carroll01,141 Meredith Squares Suite 068,(385)469-0150x281
50,Tracy Hodges01,417 Miller Curve Apt. 949,6445660692
51,Lindsey Bruce01,569 Pruitt Hollow,018.513.4449x98181
52,Diane Collier01,3419 Gallagher Camp,092-352-8618
53,Rachel Douglas01,45948 Hanson Trafficway,743.570.9101x430
54,Shelby Anderson01,5742 David Spurs,306.356.6002
55,Emily Villarreal01,01217 Smith Extension Apt. 348,311-893-8127x62243
56,Karen Williams01,83025 Lisa Estate Suite 289,290-817-6877x40160
57,Brittany Mendoza01,18507 Taylor Avenue,+1-935-096-7713x56836
58,Lisa Perry01,10486 Jennifer River,+1-825-888-7286x13252
59,Danielle Mckinney01,6949 Amber Mountain,574.572.4523x851
60,Katie Sheppard01,1675 Kelly Court,001-160-553-8441x27723
61,Elizabeth Steele01,13458 Gutierrez Isle,+1-676-712-8936
62,Alyssa Gallegos01,609 Matthew Lock Suite 947,604-721-8324x66148
63,Jane Pierce01,06108 Scott Plains,(518)339-2934x889
64,Jill Malone01,30915 Liu Expressway Apt. 649,(828)792-5876
65,Anna Wright01,74566 Mark Center Suite 332,483.329.3092
66,Renee Rios01,70879 Patricia Forge,(940)998-4548
67,Sara Buck01,795 Hart Heights Suite 121,+1-188-889-1308x340
68,Mary Miller01,9664 Samuel Harbors,001-973-331-7600x376
69,Brenda Garcia01,1589 Jonathan Loaf,001-542-430-5354x67607
70,Karen Rodriguez01,468 Bernard Estate Apt. 228,(146)244-1116
71,Melanie Brown01,7519 Ashley Inlet,374.505.0609x708
72,Taylor Delgado01,54714 May Street,+1-125-293-6179x2676
73,Donna Novak01,1840 Jeffrey Avenue Apt. 791,(416)181-4458x639
74,Victoria Santos01,4355 Andrew Glen Suite 534,541-301-4575
75,Leah Williamson01,06767 John Well,001-957-893-7495x50797
76,Laura May01,93780 Daniel Bridge,277.450.8767x2779
77,Patricia Duncan01,9835 Kim Pine,(096)851-6049x007
78,Melissa Knight01,303 Teresa Common,(959)595-0429x5089
79,Tamara Willis01,6041 Valdez Plain Apt. 980,+1-124-341-1281x8108
80,Elizabeth Mitchell01,782 Stewart Wall,447.501.9442x023
81,Lori Reyes01,5499 Morrison Run,0375184448
82,Anna Sparks01,561 Sarah Walks,283-218-0578x178
83,Allison Lopez01,6510 Chase Walk,0572507851
84,Cynthia Landry01,9715 Vincent Square,(838)990-9687
85,Michelle Knapp01,4134 Mason Fields Suite 077,(177)635-1842x91214
86,Tammy Miller01,841 Theodore Skyway Suite 576,001-665-933-7574x5225
87,Julie Monroe01,145 Thomas Land Suite 806,(193)757-5417x788
88,Mary Cunningham01,789 Adrian Summit Apt. 295,748.172.6104x1896
89,Sara Sanchez01,977 Kristen Stream Apt. 230,5185038775
90,Laura Sheppard01,43383 Lopez Forges,933-510-5239
91,Melanie Larson01,63812 Robinson Village Apt. 497,+1-883-028-2704x967
92,Candice Maxwell01,365 Jesse Union,7858002946
93,Abigail Smith01,0607 Fox Rest Apt. 475,001-558-694-6697x5783
94,Brittany Johnson01,4639 Andrea Underpass Suite 820,343.788.7073
95,April Moore01,80628 John Shoals,(271)268-6801x0943
96,Kelsey Booker PhD01,8274 Davis Loop Suite 854,(568)519-1940
97,Vanessa Wiley01,44483 Brady Park Suite 610,001-374-255-3648x293
98,Jennifer Garrison01,03252 Carroll Flat,(905)691-3486
99,Erin Cummings01,254 Keith Corner,9068949689
